jhayesconsulting.com,"2023-09-06
"
mario-sunjic.com,"2023-09-06
"
oceancityrentalbyowner.com,"2023-09-06
"
relaxindulge.co.nz,"2023-09-06
"
stayinoceancitymd.com,"2023-09-06
"
danaevara.com,"2023-09-06
"
lasermobilesounds.co.uk,"2023-09-06
"
94ero.com,"2023-09-06
"
jianwuxiu4.com,"2023-09-06
"
anshuge.com,"2023-09-06
"
w11stop.com,"2023-09-06
"
tekedia.com,"2023-09-06
"
ghanamma.com,"2023-09-06
"
www2.tomgier.com,"2023-09-06
"
iv-u15.com,"2023-09-06
"
revistapuntodevista.com.mx,"2023-09-06
"
www2.iairlink.com,"2023-09-06
"
www15.realgbedu.com,"2023-09-06
"
youqu8.net,"2023-09-06
"
lyricsmusica.it,"2023-09-06
"
historyreviewed.best,"2023-09-06
"
romanoimpero.com,"2023-09-06
"
atk-exotics.com,"2023-09-06
"
xmayitxt.com,"2023-09-06
"
www16.realgbedu.com,"2023-09-06
"
guyanachronicle.com,"2023-09-06
"
sexjav.tv,"2023-09-06
"
www.iot809952618.softether.net,"2022-05-11
"
iot809952618.softether.net,"2022-05-11
"
officeupdate.gq,"2022-07-12
"
cloud.diskfree.co,"2022-08-12
"
login.diskfree.co,"2022-08-12
"
smartida.ftpswcb.com,"2022-08-12
"
multi-cloudapps.cwb.gov.tw.espons.net,"2022-09-23
"
app.onedrivo.com,"2023-03-24
"
ntuh-hospital.com,"2023-03-25
"
www.ntuh-hospital.com,"2023-03-25
"
govtw-ssl.ntuh-hospital.com,"2023-03-25
"
reports-ntuh.govtw-ssl.ntuh-hospital.com,"2023-03-25
"
administrators.ga,"2023-02-15
"
updata.microsoft-api.workers.dev,"2022-12-09
"
smtp.nslookup.club,"2022-11-29
"
mocdct.operatida.com,"2022-11-25
"
www.twmobile.tk,"2022-11-21
"
dns.googledriver.group,"2022-11-09
"
adobe-flash-player.live,"2022-11-09
"
fiction.instagramfan.com,"2022-11-09
"
japan.lenovoappstore.com,"2022-11-09
"
www.virusltotal.cf,"2022-10-27
"
www.services-support.tk,"2022-10-17
"
subnotes.ignorelist.com,"2022-10-05
"
d2xtzlg7fn463j.cloudfront.net,"2022-07-18
"
mail-csits.org,"2022-08-03
"
culturetw.org,"2022-04-12
"
intro.cmhcu.org,"2022-06-20
"
ndmctsghsec.abetterwolrd.xyz,"2022-06-15
"
uease.randaln.com,"2021-09-01
"
DXaucts.randaln.com,"2022-05-20
"
damrit.newerbrowsers.xyz,"2022-06-08
"
googledns.newerbrowsers.com,"2022-06-08
"
bwlgrafana.itcom888.live,"2022-04-18
"
cookietest.ml,"2021-07-29
"
vpn809952618.softether.net,"2022-05-11
"
down.tw1988.link,"2022-08-19
"
c.vvvth.com,"2022-04-13
"
www.vietsovspeedtest.com,"2022-02-15
"
update.xccfi.gq,"2021-12-24
"
blog1.xccfi.gq,"2021-12-24
"
www1.ghll.cf,"2022-01-05
"
ghll.cf,"2022-01-05
"
xccfi.gq,"2021-12-24
"
hk.studiteroom.email,"2021-05-10
"
eduhk.studiteroom.email,"2021-05-12
"
tainan.studiteroom.email,"2021-08-29
"
gov.studiteroom.email,"2021-08-30
"
csgo.newerbrowsers.com,"2021-09-29
"
csgo.daxi0ng.ga,"2021-09-28
"
www.daidaiwo.top,"2021-08-20
"
www.monksec.tk,"2021-09-29
"
www.trtcu.com,"2021-09-29
"
ns.trtcu.com,"2021-09-29
"
cltra.cloud,"2021-08-06
"
microgoogle.ml,"2021-07-22
"
publicca.twhinet.workers.dev,"2021-06-17
"
shop.96html.com,"2020-12-14
"
check.96html.com,"2021-06-07
"
work.cloud20.tk,"2021-04-15
"
work.cloud01.tk,"2021-04-15
"
help01.softether.net,"2021-04-15
"
rubyra.net,"2021-04-13
"
api.aws3.workers.dev,"2021-03-30
"
dns23.ciscosrv.com,"2021-04-12
"
ab27.ciscosrv.com,"2019-05-02
"
k3ad01.rutentw.com,"2021-04-12
"
rutentw.com,"2019-05-02
"
web2008.rutentw.com,"2019-05-02
"
www.rutentw.com,"2019-05-02
"
oa10.rutentw.com,"2019-05-02
"
service-cht.ftpswcb.com,"2021-03-26
"
soc.cht-security.com,"2021-03-25
"
service.cht-security.com,"2021-03-25
"
ftp.cht-security.com,"2021-03-25
"
report.cht-security.com,"2021-03-25
"
asurecloud.tech,"2021-03-23
"
asurecloud.pro,"2021-03-23
"
akamacloud.tech,"2021-03-23
"
akamalupdate.site,"2021-03-23
"
binbong.net,"2021-02-26
"
www.sexytube0.com,"2021-02-04
"
sexytube0.com,"2021-02-04
"
ares.sexytube0.com,"2021-02-04
"
dlink.sexytube0.com,"2021-02-04
"
kcg.sexytube0.com,"2021-02-04
"
cybertw.com,"2019-04-30
"
masterpat0nms672ns.duckdns.org,"2023-02-03
"
mil-files.download,"2021-11-14
"
dppmail.download,"2021-10-29
"
exg-secure.site,"2021-10-09
"
mailfiles.download,"2021-10-16
"
mail2000-cloud.com,"2021-09-27
"
mail.mofa.gov.tw.twdb.site,"2021-09-17
"
cloudmetric.online,"2021-04-23
"
35un.l.time4vps.cloud,"2021-03-23
"
ftp.fiysaa.com,"2020-06-10
"
mx.msdtc.tw,"2020-11-10
"
technology-hinet.com,"2020-04-21
"
nissay.com.tw,"2020-04-17
"
bpcnt.adwords-google.com.tw,"2020-04-21
"
adwords-google.com.tw,"2020-04-17
"
home.kmtrafic.com,"2020-04-10
"
note.kmtrafic.com,"2020-04-10
"
lebailizj.com,"2020-04-10
"
zjfcylm.com,"2020-04-10
"
app.dynamicrosoft.com,"2020-04-10
"
home.nttatcloud.com,"2020-04-10
"
dcc.nttatcloud.com,"2020-04-10
"
dingzan.net,"2020-04-10
"
cybermon.fortigatecloud.com,"2020-04-10
"
foodinfos.ssl443.org,"2020-01-29
"
ncweb.sdask.789546.zzux.com,"2020-02-13
"
office.panasocin.com,"2019-12-08
"
www.g00gle_kr.dns05.com,"2020-03-02
"
www.officescan_update.mypop3.org,"2020-03-24
"
www.yandex2unitedstated.dns04.com,"2020-03-24
"
www.g00gle_jp.dynamic-dns.net,"2020-03-20
"
www.facebook2us.dynamic-dns.net,"2020-03-24
"
www.fackb00k2us.dynamic-dns.net,"2020-03-24
"
www.trendupdate.dns05.com,"2020-03-24
"
microsoft_update.pop-corps.com,"2020-03-24
"
email_gov_mn.pop-corps.com,"2020-03-24
"
www.yandex2unitedstated.dynamic-dns.net,"2020-03-23
"
www.yandex2unitedstated.dns05.com,"2020-03-23
"
yandex.pop-corps.com,"2020-03-23
"
www.oseupdate.dns-dns.com,"2020-03-23
"
webmail_gov_mn.pop-corps.com,"2020-03-23
"
www.g0ogle_mn.dynamic-dns.net,"2020-03-23
"
www.g00gle_mn.dynamic-dns.net,"2020-03-23
"
infonew.dubya.net,"2020-08-03
"
cnaweb.mrslove.com,"2020-08-03
"
windows.ssl443.org,"2019-11-26
"
pictures.happyforever.com,"2019-12-02
"
pictures.wasson.com,"2019-12-02
"
file-sharing.tibet-office.com,"2020-05-27
"
office.phonectrl.com,"2020-05-27
"
conference.outlook-offices.com,"2020-05-20
"
mofa.outlook-offices.com,"2020-05-20
"
nds1.outlook-offices.com,"2020-05-20
"
file.outlook-offices.com,"2020-05-20
"
homepage.neithey.com,"2019-07-16
"
sql17.cybertw.com,"2019-04-30
"
vcvm.cybertw.com,"2019-04-30
"
broadweb.cybertw.com,"2019-07-01
"
eclient.cybertw.com,"2019-07-01
"
vcvm.neithey.com,"2019-05-02
"
vcvm15.neithey.com,"2019-04-30
"
cloud17.neithey.com,"2019-04-30
"
dvm.cybertw.com,"2019-04-30
"
mail03.neithey.com,"2019-04-30
"
www05.udngroups.com,"2019-04-30
"
idp10.udngroups.com,"2019-04-30
"
kms.udngroups.com,"2019-04-30
"
ap21.ilvsmail.com,"2019-07-16
"
cksogo.com,"2019-05-02
"
sqldb.cksogo.com,"2019-04-30
"
l7vm.cksogo.com,"2019-04-30
"
internat.cksogo.com,"2019-04-30
"
tcweb.cksogo.com,"2019-04-30
"
ap97.cksogo.com,"2019-04-30
"
tc379.ilvsmail.com,"2019-05-20
"
cloud201.ilvsmail.com,"2019-04-30
"
cloud105.iworksme.com,"2019-06-24
"
carsails.allowed.org,"2019-08-15
"
opensslv3.csproject.org,"2019-08-15
"
www.google.com.dns-report.com,"2019-05-06
"
update.asuswebstorage.com.ssmailer.com,"2019-05-06
"
microsoft.com.appstore.dynamicdns.co.uk,"2019-04-17
"
asushotfix.com,"2019-03-28
"
okinawas.ssl443.org,"2019-03-27
"
webmail.111.org.tw.macmail.otzo.com,"2018-12-07
"
loggon.yahoomails.ga,"2018-12-07
"
update.system.connection.gq,"2018-11-22
"
wikei.hpc.tw,"2018-11-20
"
microsoft-kz.com,"2021-04-23
"
mail.topapps.website,"2021-04-23
"
topapps.website,"2021-04-23
"
dns.securewindows.xyz,"2021-04-23
"
logon.securewindows.xyz,"2021-04-23
"
cachefront.online,"2021-03-23
"
akamacloud.pro,"2021-03-23
"
securesurvey.cloud,"2021-03-23
"
ns1.windowsdefende.com,"2020-05-15
"
ns2.windowsdefende.com,"2020-05-15
"
ns2.microsoftonetravel.com,"2020-05-15
"
www.googledrivercould.serveuser.com,"2018-11-01
"
www.account_mentgooggl.serveuser.com,"2018-11-19
"
global.smart-house.ga,"2018-11-06
"
www.citywidemci.com,"2010-06-28
"
www.accountinfo.ssl443.org,"2018-11-09
"
faq.narllab.com,"2018-08-15
"
topc.skypetw.com,"2018-08-15
"
amazon.panasocin.com,"2018-08-01
"
linenews.mypicture.info,"2018-05-01
"
bamboojungle.ddns.net,"2018-03-27
"
wildpanda.chickenkiller.com,"2018-03-27
"
helpdesk.blackcmd.com,"2013-07-05
"
wckdpp.1apps.com,"2016-10-24
"
moea.esy.es,"2017-05-19
"
vigoole.gnway.net,"2017-01-17
"
moresils.deaftone.com,"2017-02-21
"
yspark.justdied.com,"2017-02-14
"
icst.ygto.com,"2016-05-09
"
chinnyann.ddns.net,"2020-05-07
"
chinnyann.duckdns.org,"2020-05-07
"
www.bearlaw.cn,"2020-05-18
"
ediskwang.synology.me,"2020-05-15
"
johndans.diskstation.me,"2020-05-15
"
acc.microsoftonetravel.com,"2020-05-15
"
online.msdnupdate.com,"2020-05-15
"
readme.myddns.com,"2020-05-15
"
sport.wikaba.com,"2020-05-15
"
soft.msdnupdate.com,"2020-05-15
"
ns1.microsoftonetravel.com,"2020-05-15
"
msdnupdate.com,"2020-05-15
"
